,Arithmancy,Astronomy,Herbology,Defense Against the Dark Arts,Divination,Muggle Studies,Ancient Runes,History of Magic,Transfiguration,Potions,Care of Magical Creatures,Charms,Flying
Ravenclaw,-0.4050732836674342,-0.2581504019447656,-0.035410222636744516,-0.9834401122781246,0.1871713010133178,-1.8558387724131005,-0.7252579201466195,-0.43031858284682695,-0.07543913393069022,-0.031704696056241814,-0.05658866839426715,-1.9083186174699154,-0.6876973873654189
Slytherin,-0.012598878035148166,1.731756716146304,1.6700295807413301,-0.0694687224902221,1.8464207135125388,0.8619593174376795,0.5260025759182066,-0.7800740294041405,-0.0392394832256749,-0.6447592717241012,0.04649656585481716,0.7003583657556819,0.5388291468945733
Gryffindor,0.3522096687155969,-1.0548049766865741,1.1912920588915155,-1.4406694986267814,-1.1824579644526565,-0.24750408260398082,-0.9216381533574657,2.263145623135822,0.1373611120780743,0.34135171261741526,0.052483716296767055,1.7586968016810818,-1.3118337131207347
Hufflepuff,0.11650757897895042,-1.4668681876721652,-0.40688738028770705,1.4828077371348711,-0.9340153543813313,0.3989222254984515,0.5644881462672775,-2.884936830253512,-0.1511481306325016,0.9956377110514748,-0.023173700394964043,0.6333071738766883,0.8294272413841516
