,Arithmancy,Astronomy,Herbology,Defense Against the Dark Arts,Divination,Muggle Studies,Ancient Runes,History of Magic,Transfiguration,Potions,Care of Magical Creatures,Charms,Flying
Ravenclaw,-0.17513043168104117,1.6206046350400882,-1.5058238582615608,-1.0966531844310292,-1.4208356356312555,-1.1705760910747676,-1.763672283050391,-0.968199982747385,0.16891874045647698,-0.4539717655727973,-0.05404960409661564,1.075426277208756,-0.4026370798343132
Slytherin,0.32992414307682133,0.9627520190286919,0.6271991968977395,-1.7398791203630177,2.783640848819673,0.5181610599890035,0.2932309689019659,-0.08708794273982637,-0.07217911303602707,-0.8803811203920838,0.02389019155418464,2.8785479363249684,1.7879635370763325
Gryffindor,0.5189489237240233,0.33237952528781317,1.6440070485287426,-0.31172936412854474,-1.482900259898169,0.45457069300754666,-1.693090435238467,1.5652526704646363,0.1217602109038033,0.7088067363816708,0.11839258260159952,1.8218938539998242,-1.3928288638812227
Hufflepuff,0.17242131665633653,-2.261556592279255,-2.363728515078544,1.6989311760872274,0.1357049575247583,1.4697032795646612,0.34651659398328305,-1.739304541678183,0.10495598972507227,0.6321911278413763,-0.036687643591392656,0.29647067373614006,1.6663141589419992
